{
  "model": "Qwen/Qwen2.5-0.5B",
  "lora_r": 8,
  "lora_alpha": 16,
  "target_modules": [
    "up_proj",
    "gate_proj",
    "down_proj"
  ],
  "epochs": {
    "epoch_1": {
      "epoch": 1.0,
      "train_loss": 3.22784130859375,
      "eval_loss": null,
      "distinct_1": 0.5035369774919615,
      "distinct_2": 0.902405498281787,
      "distinct_2_tok": 0.7156549520766773,
      "self_distinct_2": 0.9651153997437939,
      "combined_distinct_2": 0.690689615152108,
      "bertscore_post_P": 0.6398735642433167,
      "bertscore_post_F1": 0.5941148996353149,
      "bertscore_ref_F1": 0.6201118230819702,
      "ppl_comments": 23.69,
      "ppl_wiki": 19.91
    },
    "epoch_2": {
      "epoch": 2.0,
      "train_loss": 2.980972900390625,
      "eval_loss": 3.1615865230560303,
      "distinct_1": 0.5010737294201861,
      "distinct_2": 0.8835774865073246,
      "distinct_2_tok": 0.7269105396595437,
      "self_distinct_2": 0.9704999710691132,
      "combined_distinct_2": 0.7054666577094206,
      "bertscore_post_P": 0.6369407773017883,
      "bertscore_post_F1": 0.5896095037460327,
      "bertscore_ref_F1": 0.6190240979194641,
      "ppl_comments": 23.77,
      "ppl_wiki": 22.87
    },
    "epoch_3": {
      "epoch": 3.0,
      "train_loss": 2.76376123046875,
      "eval_loss": 3.157377243041992,
      "distinct_1": 0.5426781519185592,
      "distinct_2": 0.91928632115548,
      "distinct_2_tok": 0.7450532724505328,
      "self_distinct_2": 0.982181420823899,
      "combined_distinct_2": 0.7317774817249598,
      "bertscore_post_P": 0.6413018107414246,
      "bertscore_post_F1": 0.5906927585601807,
      "bertscore_ref_F1": 0.623171329498291,
      "ppl_comments": 25.0,
      "ppl_wiki": 20.13
    },
    "epoch_4": {
      "epoch": 4.0,
      "train_loss": 2.559245361328125,
      "eval_loss": 3.207012891769409,
      "distinct_1": 0.5067484662576687,
      "distinct_2": 0.9098039215686274,
      "distinct_2_tok": 0.7761580822805313,
      "self_distinct_2": 0.9843657876607701,
      "combined_distinct_2": 0.764023462013348,
      "bertscore_post_P": 0.6402744054794312,
      "bertscore_post_F1": 0.5953787565231323,
      "bertscore_ref_F1": 0.6217045783996582,
      "ppl_comments": 27.67,
      "ppl_wiki": 24.88
    },
    "epoch_5": {
      "epoch": 5.0,
      "train_loss": 2.35033154296875,
      "eval_loss": 3.2997848987579346,
      "distinct_1": 0.5438723712835388,
      "distinct_2": 0.9225957779515246,
      "distinct_2_tok": 0.7586328400281889,
      "self_distinct_2": 0.9662032539687195,
      "combined_distinct_2": 0.7329935186027672,
      "bertscore_post_P": 0.6391504406929016,
      "bertscore_post_F1": 0.5911996364593506,
      "bertscore_ref_F1": 0.6221712231636047,
      "ppl_comments": 31.64,
      "ppl_wiki": 34.49
    },
    "epoch_6": {
      "epoch": 6.0,
      "train_loss": 2.17574853515625,
      "eval_loss": 3.4299633502960205,
      "distinct_1": 0.5550742574257426,
      "distinct_2": 0.9406332453825857,
      "distinct_2_tok": 0.7877588306942753,
      "self_distinct_2": 0.97854143711534,
      "combined_distinct_2": 0.770854658287876,
      "bertscore_post_P": 0.6431359052658081,
      "bertscore_post_F1": 0.5974857807159424,
      "bertscore_ref_F1": 0.6186713576316833,
      "ppl_comments": 35.74,
      "ppl_wiki": 38.31
    },
    "epoch_7": {
      "epoch": 7.0,
      "train_loss": 2.0389727783203124,
      "eval_loss": 3.551983118057251,
      "distinct_1": 0.5462068965517242,
      "distinct_2": 0.945925925925926,
      "distinct_2_tok": 0.8006198347107438,
      "self_distinct_2": 0.9805493387316523,
      "combined_distinct_2": 0.7850472495010646,
      "bertscore_post_P": 0.6395161747932434,
      "bertscore_post_F1": 0.5924519300460815,
      "bertscore_ref_F1": 0.6210370659828186,
      "ppl_comments": 39.39,
      "ppl_wiki": 40.68
    },
    "epoch_8": {
      "epoch": 8.0,
      "train_loss": 1.97414453125,
      "eval_loss": 3.6475181579589844,
      "distinct_1": 0.5637773079633545,
      "distinct_2": 0.9469294920394238,
      "distinct_2_tok": 0.8016920473773266,
      "self_distinct_2": 0.9824351096670825,
      "combined_distinct_2": 0.7876104144843717,
      "bertscore_post_P": 0.6370089650154114,
      "bertscore_post_F1": 0.5912917852401733,
      "bertscore_ref_F1": 0.6190240383148193,
      "ppl_comments": 41.14,
      "ppl_wiki": 42.79
    }
  }
}