{
  "model": "Qwen/Qwen2.5-0.5B",
  "lora_r": 8,
  "lora_alpha": 16,
  "target_modules": [
    "down_proj",
    "up_proj",
    "gate_proj"
  ],
  "epochs": {
    "epoch_1": {
      "epoch": 1.0,
      "train_loss": 3.2278095703125,
      "eval_loss": null,
      "distinct_1": 0.5062050947093403,
      "distinct_2": 0.9042627533193571,
      "distinct_2_tok": 0.7196382428940569,
      "self_distinct_2": 0.9654857701141643,
      "combined_distinct_2": 0.6948004831441725,
      "bertscore_post_P": 0.63959139585495,
      "bertscore_post_F1": 0.5940097570419312,
      "bertscore_ref_F1": 0.6203687787055969,
      "ppl_comments": 23.7,
      "ppl_wiki": 19.6
    },
    "epoch_2": {
      "epoch": 2.0,
      "train_loss": 2.980993896484375,
      "eval_loss": 3.161651372909546,
      "distinct_1": 0.502112676056338,
      "distinct_2": 0.8757575757575757,
      "distinct_2_tok": 0.7304008513657325,
      "self_distinct_2": 0.969287860734144,
      "combined_distinct_2": 0.7079686786986883,
      "bertscore_post_P": 0.6387419104576111,
      "bertscore_post_F1": 0.5904760360717773,
      "bertscore_ref_F1": 0.6203399896621704,
      "ppl_comments": 23.75,
      "ppl_wiki": 23.35
    },
    "epoch_3": {
      "epoch": 3.0,
      "train_loss": 2.763859619140625,
      "eval_loss": 3.157031774520874,
      "distinct_1": 0.5439938791124713,
      "distinct_2": 0.9163214581607291,
      "distinct_2_tok": 0.768642447418738,
      "self_distinct_2": 0.984918802944813,
      "combined_distinct_2": 0.7570503992042348,
      "bertscore_post_P": 0.6390606164932251,
      "bertscore_post_F1": 0.5890475511550903,
      "bertscore_ref_F1": 0.6232513189315796,
      "ppl_comments": 24.99,
      "ppl_wiki": 20.49
    },
    "epoch_4": {
      "epoch": 4.0,
      "train_loss": 2.55900634765625,
      "eval_loss": 3.2072184085845947,
      "distinct_1": 0.5176544766708702,
      "distinct_2": 0.9158815612382234,
      "distinct_2_tok": 0.7701149425287356,
      "self_distinct_2": 0.9821206946347785,
      "combined_distinct_2": 0.7563458223049443,
      "bertscore_post_P": 0.6408503651618958,
      "bertscore_post_F1": 0.596127450466156,
      "bertscore_ref_F1": 0.623809814453125,
      "ppl_comments": 27.7,
      "ppl_wiki": 25.54
    },
    "epoch_5": {
      "epoch": 5.0,
      "train_loss": 2.3499873046875,
      "eval_loss": 3.3013076782226562,
      "distinct_1": 0.5238095238095238,
      "distinct_2": 0.9296811120196239,
      "distinct_2_tok": 0.7469523457702253,
      "self_distinct_2": 0.9636494702618851,
      "combined_distinct_2": 0.71980023231235,
      "bertscore_post_P": 0.6381609439849854,
      "bertscore_post_F1": 0.5883123874664307,
      "bertscore_ref_F1": 0.6218953728675842,
      "ppl_comments": 31.72,
      "ppl_wiki": 34.85
    },
    "epoch_6": {
      "epoch": 6.0,
      "train_loss": 2.1756279296875,
      "eval_loss": 3.432654857635498,
      "distinct_1": 0.5515394912985274,
      "distinct_2": 0.9418938307030129,
      "distinct_2_tok": 0.8015925680159257,
      "self_distinct_2": 0.9801603856213021,
      "combined_distinct_2": 0.7856892805776596,
      "bertscore_post_P": 0.6404699683189392,
      "bertscore_post_F1": 0.5937145948410034,
      "bertscore_ref_F1": 0.619892954826355,
      "ppl_comments": 35.69,
      "ppl_wiki": 39.61
    },
    "epoch_7": {
      "epoch": 7.0,
      "train_loss": 2.039004638671875,
      "eval_loss": 3.551863193511963,
      "distinct_1": 0.5380747126436781,
      "distinct_2": 0.9342105263157895,
      "distinct_2_tok": 0.7968463513017968,
      "self_distinct_2": 0.9767700254470769,
      "combined_distinct_2": 0.7783356308384665,
      "bertscore_post_P": 0.6375980377197266,
      "bertscore_post_F1": 0.5905655026435852,
      "bertscore_ref_F1": 0.6204874515533447,
      "ppl_comments": 39.34,
      "ppl_wiki": 41.54
    },
    "epoch_8": {
      "epoch": 8.0,
      "train_loss": 1.9749415283203124,
      "eval_loss": 3.646967887878418,
      "distinct_1": 0.5554739162380602,
      "distinct_2": 0.9452815226011102,
      "distinct_2_tok": 0.8158473954512105,
      "self_distinct_2": 0.989979784860149,
      "combined_distinct_2": 0.8076724290275024,
      "bertscore_post_P": 0.6365752220153809,
      "bertscore_post_F1": 0.5899186730384827,
      "bertscore_ref_F1": 0.6214929819107056,
      "ppl_comments": 41.14,
      "ppl_wiki": 43.94
    }
  }
}