{
  "model": "Qwen/Qwen2.5-0.5B",
  "lora_r": 32,
  "lora_alpha": 64,
  "target_modules": [
    "q_proj",
    "v_proj"
  ],
  "epochs": {
    "epoch_1": {
      "epoch": 1.0,
      "train_loss": 3.2930610179901123,
      "eval_loss": null,
      "distinct_1": 0.5047272727272727,
      "distinct_2": 0.8933333333333333,
      "distinct_2_tok": 0.7458563535911602,
      "self_distinct_2": 0.9838960315636707,
      "combined_distinct_2": 0.7338451064148924,
      "bertscore_post_P": 0.6367112994194031,
      "bertscore_post_F1": 0.5877416133880615,
      "bertscore_ref_F1": 0.6162209510803223,
      "ppl_comments": 25.16,
      "ppl_wiki": 19.4
    },
    "epoch_2": {
      "epoch": 2.0,
      "train_loss": 3.1368401050567627,
      "eval_loss": 3.222111940383911,
      "distinct_1": 0.480225988700565,
      "distinct_2": 0.8580040187541862,
      "distinct_2_tok": 0.7354152367879204,
      "self_distinct_2": 0.9692621720723664,
      "combined_distinct_2": 0.7128101697841734,
      "bertscore_post_P": 0.6375677585601807,
      "bertscore_post_F1": 0.5881667733192444,
      "bertscore_ref_F1": 0.6189492344856262,
      "ppl_comments": 24.53,
      "ppl_wiki": 22.48
    },
    "epoch_3": {
      "epoch": 3.0,
      "train_loss": 3.036592483520508,
      "eval_loss": 3.195988416671753,
      "distinct_1": 0.48409669211195927,
      "distinct_2": 0.8879076086956522,
      "distinct_2_tok": 0.7165845648604269,
      "self_distinct_2": 0.9677537129348882,
      "combined_distinct_2": 0.6934773732755093,
      "bertscore_post_P": 0.6373608112335205,
      "bertscore_post_F1": 0.5909673571586609,
      "bertscore_ref_F1": 0.6210111379623413,
      "ppl_comments": 24.64,
      "ppl_wiki": 29.92
    },
    "epoch_4": {
      "epoch": 4.0,
      "train_loss": 2.952223300933838,
      "eval_loss": 3.2008612155914307,
      "distinct_1": 0.492984693877551,
      "distinct_2": 0.8923705722070845,
      "distinct_2_tok": 0.7193098871930989,
      "self_distinct_2": 0.9732426959038434,
      "combined_distinct_2": 0.700063093802101,
      "bertscore_post_P": 0.6370343565940857,
      "bertscore_post_F1": 0.5908206105232239,
      "bertscore_ref_F1": 0.617174506187439,
      "ppl_comments": 24.94,
      "ppl_wiki": 31.93
    },
    "epoch_5": {
      "epoch": 5.0,
      "train_loss": 2.877858877182007,
      "eval_loss": 3.2188332080841064,
      "distinct_1": 0.5083836351441985,
      "distinct_2": 0.8964773544212796,
      "distinct_2_tok": 0.734181568088033,
      "self_distinct_2": 0.9607028239510822,
      "combined_distinct_2": 0.7053303057550071,
      "bertscore_post_P": 0.6433590054512024,
      "bertscore_post_F1": 0.5949337482452393,
      "bertscore_ref_F1": 0.6202265024185181,
      "ppl_comments": 25.53,
      "ppl_wiki": 55.43
    },
    "epoch_6": {
      "epoch": 6.0,
      "train_loss": 2.8174896240234375,
      "eval_loss": 3.2469701766967773,
      "distinct_1": 0.5305980528511822,
      "distinct_2": 0.9192825112107623,
      "distinct_2_tok": 0.7817986384808312,
      "self_distinct_2": 0.9791119931221136,
      "combined_distinct_2": 0.7654684231431214,
      "bertscore_post_P": 0.6457995772361755,
      "bertscore_post_F1": 0.5956051349639893,
      "bertscore_ref_F1": 0.6227706074714661,
      "ppl_comments": 26.06,
      "ppl_wiki": 48.65
    },
    "epoch_7": {
      "epoch": 7.0,
      "train_loss": 2.7819619178771973,
      "eval_loss": 3.2634146213531494,
      "distinct_1": 0.5236530880420499,
      "distinct_2": 0.9177215189873418,
      "distinct_2_tok": 0.7749576988155669,
      "self_distinct_2": 0.9763771934744284,
      "combined_distinct_2": 0.7566510230309446,
      "bertscore_post_P": 0.6461285948753357,
      "bertscore_post_F1": 0.597999095916748,
      "bertscore_ref_F1": 0.6211891174316406,
      "ppl_comments": 26.48,
      "ppl_wiki": 50.55
    },
    "epoch_8": {
      "epoch": 8.0,
      "train_loss": 2.7573137283325195,
      "eval_loss": 3.2785680294036865,
      "distinct_1": 0.5339485827290705,
      "distinct_2": 0.9308398023994354,
      "distinct_2_tok": 0.7920892494929006,
      "self_distinct_2": 0.9806194389724755,
      "combined_distinct_2": 0.7767381154538574,
      "bertscore_post_P": 0.647297203540802,
      "bertscore_post_F1": 0.5993785262107849,
      "bertscore_ref_F1": 0.6214025020599365,
      "ppl_comments": 26.69,
      "ppl_wiki": 53.03
    }
  }
}