{
  "model": "Qwen/Qwen2.5-0.5B",
  "lora_r": 16,
  "lora_alpha": 32,
  "target_modules": [
    "v_proj",
    "q_proj"
  ],
  "epochs": {
    "epoch_1": {
      "epoch": 1.0,
      "train_loss": 3.3175125122070312,
      "eval_loss": null,
      "distinct_1": 0.5234505862646566,
      "distinct_2": 0.9122486288848263,
      "distinct_2_tok": 0.7899914456800684,
      "self_distinct_2": 0.982332035629455,
      "combined_distinct_2": 0.7760339049647577,
      "bertscore_post_P": 0.6334346532821655,
      "bertscore_post_F1": 0.5796077847480774,
      "bertscore_ref_F1": 0.612072229385376,
      "ppl_comments": 25.88,
      "ppl_wiki": 15.14
    },
    "epoch_2": {
      "epoch": 2.0,
      "train_loss": 3.1756081581115723,
      "eval_loss": 3.2464492321014404,
      "distinct_1": 0.5050234427327528,
      "distinct_2": 0.8901651112706389,
      "distinct_2_tok": 0.7503369272237197,
      "self_distinct_2": 0.9581521556154134,
      "combined_distinct_2": 0.7189369442572526,
      "bertscore_post_P": 0.63584303855896,
      "bertscore_post_F1": 0.5886815786361694,
      "bertscore_ref_F1": 0.6163203120231628,
      "ppl_comments": 24.84,
      "ppl_wiki": 23.01
    },
    "epoch_3": {
      "epoch": 3.0,
      "train_loss": 3.0986523628234863,
      "eval_loss": 3.206120729446411,
      "distinct_1": 0.4938980617372577,
      "distinct_2": 0.8793503480278422,
      "distinct_2_tok": 0.7301013024602026,
      "self_distinct_2": 0.967467585127049,
      "combined_distinct_2": 0.7063493439892854,
      "bertscore_post_P": 0.6328458189964294,
      "bertscore_post_F1": 0.5858209729194641,
      "bertscore_ref_F1": 0.62052321434021,
      "ppl_comments": 24.72,
      "ppl_wiki": 36.92
    },
    "epoch_4": {
      "epoch": 4.0,
      "train_loss": 3.041317939758301,
      "eval_loss": 3.2011213302612305,
      "distinct_1": 0.48349514563106794,
      "distinct_2": 0.8906574394463668,
      "distinct_2_tok": 0.7535702424443707,
      "self_distinct_2": 0.9787961055257786,
      "combined_distinct_2": 0.7375916185446667,
      "bertscore_post_P": 0.6457345485687256,
      "bertscore_post_F1": 0.5972923040390015,
      "bertscore_ref_F1": 0.6220044493675232,
      "ppl_comments": 24.75,
      "ppl_wiki": 45.18
    },
    "epoch_5": {
      "epoch": 5.0,
      "train_loss": 2.994208812713623,
      "eval_loss": 3.2051918506622314,
      "distinct_1": 0.5126227208976157,
      "distinct_2": 0.9004524886877828,
      "distinct_2_tok": 0.7525519183386131,
      "self_distinct_2": 0.9704231943471342,
      "combined_distinct_2": 0.7302938365062206,
      "bertscore_post_P": 0.6407702565193176,
      "bertscore_post_F1": 0.5930966734886169,
      "bertscore_ref_F1": 0.620682954788208,
      "ppl_comments": 24.99,
      "ppl_wiki": 70.59
    },
    "epoch_6": {
      "epoch": 6.0,
      "train_loss": 2.957265853881836,
      "eval_loss": 3.217233657836914,
      "distinct_1": 0.5111430625449317,
      "distinct_2": 0.900852052672347,
      "distinct_2_tok": 0.7874104787033547,
      "self_distinct_2": 0.9825260742003659,
      "combined_distinct_2": 0.7736513264246379,
      "bertscore_post_P": 0.641417920589447,
      "bertscore_post_F1": 0.5925012826919556,
      "bertscore_ref_F1": 0.6224191188812256,
      "ppl_comments": 25.26,
      "ppl_wiki": 76.2
    },
    "epoch_7": {
      "epoch": 7.0,
      "train_loss": 2.937594413757324,
      "eval_loss": 3.2274041175842285,
      "distinct_1": 0.5003615328994938,
      "distinct_2": 0.8932190179267342,
      "distinct_2_tok": 0.7736862293824319,
      "self_distinct_2": 0.9821448642426778,
      "combined_distinct_2": 0.7598719567232378,
      "bertscore_post_P": 0.6425257325172424,
      "bertscore_post_F1": 0.5926845073699951,
      "bertscore_ref_F1": 0.6239064931869507,
      "ppl_comments": 25.41,
      "ppl_wiki": 73.83
    },
    "epoch_8": {
      "epoch": 8.0,
      "train_loss": 2.921020269393921,
      "eval_loss": 3.232279062271118,
      "distinct_1": 0.5082319255547602,
      "distinct_2": 0.9005397070161912,
      "distinct_2_tok": 0.7626058152373942,
      "self_distinct_2": 0.9757087314599373,
      "combined_distinct_2": 0.7440811525892492,
      "bertscore_post_P": 0.6420498490333557,
      "bertscore_post_F1": 0.5931802988052368,
      "bertscore_ref_F1": 0.6244679093360901,
      "ppl_comments": 25.46,
      "ppl_wiki": 77.21
    }
  }
}