{
  "model": "Qwen/Qwen2.5-0.5B",
  "lora_r": 8,
  "lora_alpha": 16,
  "target_modules": [
    "q_proj",
    "v_proj"
  ],
  "epochs": {
    "epoch_1": {
      "epoch": 1.0,
      "train_loss": 3.34187744140625,
      "eval_loss": null,
      "distinct_1": 0.5154038301415487,
      "distinct_2": 0.8801089918256131,
      "distinct_2_tok": 0.7397708674304418,
      "self_distinct_2": 0.9725697673100949,
      "combined_distinct_2": 0.7194787803996119,
      "bertscore_post_P": 0.6379539370536804,
      "bertscore_post_F1": 0.5815651416778564,
      "bertscore_ref_F1": 0.6075606346130371,
      "ppl_comments": 26.55,
      "ppl_wiki": 13.56
    },
    "epoch_2": {
      "epoch": 2.0,
      "train_loss": 3.21904052734375,
      "eval_loss": 3.2746427059173584,
      "distinct_1": 0.5134099616858238,
      "distinct_2": 0.8947804473902237,
      "distinct_2_tok": 0.7638724911452184,
      "self_distinct_2": 0.9669765746742824,
      "combined_distinct_2": 0.7386468049755144,
      "bertscore_post_P": 0.6367495059967041,
      "bertscore_post_F1": 0.5840773582458496,
      "bertscore_ref_F1": 0.6151024699211121,
      "ppl_comments": 25.24,
      "ppl_wiki": 17.22
    },
    "epoch_3": {
      "epoch": 3.0,
      "train_loss": 3.1456962890625,
      "eval_loss": 3.223242998123169,
      "distinct_1": 0.5078125,
      "distinct_2": 0.8944954128440367,
      "distinct_2_tok": 0.758546239654552,
      "self_distinct_2": 0.9761687005246522,
      "combined_distinct_2": 0.7404690970514455,
      "bertscore_post_P": 0.6414425373077393,
      "bertscore_post_F1": 0.5927963256835938,
      "bertscore_ref_F1": 0.6216232180595398,
      "ppl_comments": 25.02,
      "ppl_wiki": 28.01
    },
    "epoch_4": {
      "epoch": 4.0,
      "train_loss": 3.1178369140625,
      "eval_loss": 3.2086973190307617,
      "distinct_1": 0.5042016806722689,
      "distinct_2": 0.8891645988420182,
      "distinct_2_tok": 0.7445226917057903,
      "self_distinct_2": 0.9717086030499195,
      "combined_distinct_2": 0.7234591046963994,
      "bertscore_post_P": 0.6354770660400391,
      "bertscore_post_F1": 0.5847631096839905,
      "bertscore_ref_F1": 0.6154394745826721,
      "ppl_comments": 24.76,
      "ppl_wiki": 29.6
    },
    "epoch_5": {
      "epoch": 5.0,
      "train_loss": 3.08162890625,
      "eval_loss": 3.2103312015533447,
      "distinct_1": 0.5013908205841446,
      "distinct_2": 0.8796711509715994,
      "distinct_2_tok": 0.7418889689978371,
      "self_distinct_2": 0.9650888177535627,
      "combined_distinct_2": 0.7159887479945322,
      "bertscore_post_P": 0.6370887756347656,
      "bertscore_post_F1": 0.5893715023994446,
      "bertscore_ref_F1": 0.617983341217041,
      "ppl_comments": 24.85,
      "ppl_wiki": 41.13
    },
    "epoch_6": {
      "epoch": 6.0,
      "train_loss": 3.05971240234375,
      "eval_loss": 3.2131848335266113,
      "distinct_1": 0.5299260255548084,
      "distinct_2": 0.9178082191780822,
      "distinct_2_tok": 0.7592717464598786,
      "self_distinct_2": 0.9663571375385483,
      "combined_distinct_2": 0.7337276715228627,
      "bertscore_post_P": 0.6396024823188782,
      "bertscore_post_F1": 0.5922924280166626,
      "bertscore_ref_F1": 0.6172853708267212,
      "ppl_comments": 24.87,
      "ppl_wiki": 47.05
    },
    "epoch_7": {
      "epoch": 7.0,
      "train_loss": 3.038260009765625,
      "eval_loss": 3.213714599609375,
      "distinct_1": 0.5240027045300879,
      "distinct_2": 0.9079042784626541,
      "distinct_2_tok": 0.7579814624098867,
      "self_distinct_2": 0.9643456250298696,
      "combined_distinct_2": 0.7309561071287168,
      "bertscore_post_P": 0.6411076188087463,
      "bertscore_post_F1": 0.5923858880996704,
      "bertscore_ref_F1": 0.6183633208274841,
      "ppl_comments": 24.9,
      "ppl_wiki": 45.86
    },
    "epoch_8": {
      "epoch": 8.0,
      "train_loss": 3.030515869140625,
      "eval_loss": 3.2147045135498047,
      "distinct_1": 0.5230071289695398,
      "distinct_2": 0.9050589050589051,
      "distinct_2_tok": 0.74426123504688,
      "self_distinct_2": 0.9607010199656217,
      "combined_distinct_2": 0.715012527630411,
      "bertscore_post_P": 0.6409080624580383,
      "bertscore_post_F1": 0.5934230089187622,
      "bertscore_ref_F1": 0.6166297197341919,
      "ppl_comments": 24.91,
      "ppl_wiki": 47.65
    }
  }
}