{
  "model": "Qwen/Qwen2.5-0.5B",
  "target_modules": [
    "k_proj",
    "v_proj",
    "down_proj"
  ],
  "epochs": {
    "epoch_1": {
      "epoch": 1.0,
      "train_loss": 3.32796875,
      "eval_loss": null,
      "distinct_1": 0.5152979066022544,
      "distinct_2": 0.8713910761154856,
      "distinct_2_tok": 0.7393483709273183,
      "self_distinct_2": 0.9636196235420116,
      "combined_distinct_2": 0.712450598859382,
      "bertscore_post_P": 0.6365470290184021,
      "bertscore_post_F1": 0.5791910290718079,
      "bertscore_ref_F1": 0.612206220626831,
      "ppl_comments": 26.54,
      "ppl_wiki": 12.75
    },
    "epoch_2": {
      "epoch": 2.0,
      "train_loss": 3.200990234375,
      "eval_loss": 3.272127628326416,
      "distinct_1": 0.555923777961889,
      "distinct_2": 0.9160649819494585,
      "distinct_2_tok": 0.7750528541226216,
      "self_distinct_2": 0.9697445228048008,
      "combined_distinct_2": 0.7516032601696406,
      "bertscore_post_P": 0.6379295587539673,
      "bertscore_post_F1": 0.5815936923027039,
      "bertscore_ref_F1": 0.6099279522895813,
      "ppl_comments": 26.26,
      "ppl_wiki": 13.27
    },
    "epoch_3": {
      "epoch": 3.0,
      "train_loss": 3.13398681640625,
      "eval_loss": 3.2578346729278564,
      "distinct_1": 0.5413654618473895,
      "distinct_2": 0.9040139616055847,
      "distinct_2_tok": 0.7620408163265306,
      "self_distinct_2": 0.9798328368859817,
      "combined_distinct_2": 0.7466726148841338,
      "bertscore_post_P": 0.6366269588470459,
      "bertscore_post_F1": 0.5810604095458984,
      "bertscore_ref_F1": 0.6092360019683838,
      "ppl_comments": 26.36,
      "ppl_wiki": 13.74
    },
    "epoch_4": {
      "epoch": 4.0,
      "train_loss": 3.1064482421875,
      "eval_loss": 3.257315158843994,
      "distinct_1": 0.5419254658385093,
      "distinct_2": 0.9166666666666666,
      "distinct_2_tok": 0.7736738703339883,
      "self_distinct_2": 0.9711237499806888,
      "combined_distinct_2": 0.7513330702208159,
      "bertscore_post_P": 0.6351168751716614,
      "bertscore_post_F1": 0.5827530026435852,
      "bertscore_ref_F1": 0.6118282079696655,
      "ppl_comments": 26.64,
      "ppl_wiki": 14.22
    },
    "epoch_5": {
      "epoch": 5.0,
      "train_loss": 3.0719912109375,
      "eval_loss": 3.2648003101348877,
      "distinct_1": 0.5845620121422377,
      "distinct_2": 0.9421252371916509,
      "distinct_2_tok": 0.7925347222222222,
      "self_distinct_2": 0.9762450642040755,
      "combined_distinct_2": 0.7737081107797925,
      "bertscore_post_P": 0.6356807947158813,
      "bertscore_post_F1": 0.5814492702484131,
      "bertscore_ref_F1": 0.6119180917739868,
      "ppl_comments": 26.82,
      "ppl_wiki": 14.55
    },
    "epoch_6": {
      "epoch": 6.0,
      "train_loss": 3.051114990234375,
      "eval_loss": 3.26997971534729,
      "distinct_1": 0.5446660884648742,
      "distinct_2": 0.8889943074003795,
      "distinct_2_tok": 0.7410223912125052,
      "self_distinct_2": 0.9631407126432453,
      "combined_distinct_2": 0.713708833957014,
      "bertscore_post_P": 0.6374220848083496,
      "bertscore_post_F1": 0.5816296935081482,
      "bertscore_ref_F1": 0.6121525168418884,
      "ppl_comments": 27.02,
      "ppl_wiki": 14.83
    },
    "epoch_7": {
      "epoch": 7.0,
      "train_loss": 3.02853955078125,
      "eval_loss": 3.275869369506836,
      "distinct_1": 0.5449781659388646,
      "distinct_2": 0.8976076555023923,
      "distinct_2_tok": 0.7638888888888888,
      "self_distinct_2": 0.9657318228862765,
      "combined_distinct_2": 0.737711809149239,
      "bertscore_post_P": 0.6343084573745728,
      "bertscore_post_F1": 0.579939603805542,
      "bertscore_ref_F1": 0.612485945224762,
      "ppl_comments": 27.11,
      "ppl_wiki": 14.92
    },
    "epoch_8": {
      "epoch": 8.0,
      "train_loss": 3.021409912109375,
      "eval_loss": 3.2792513370513916,
      "distinct_1": 0.5505716798592788,
      "distinct_2": 0.9016393442622951,
      "distinct_2_tok": 0.7626666666666667,
      "self_distinct_2": 0.9675075514927373,
      "combined_distinct_2": 0.7378857592717943,
      "bertscore_post_P": 0.6336768865585327,
      "bertscore_post_F1": 0.5789539217948914,
      "bertscore_ref_F1": 0.6120103001594543,
      "ppl_comments": 27.15,
      "ppl_wiki": 14.95
    }
  }
}